description,name
2004 514 фотометр микропланшетный регистрационное удостоверение,content-1
аверон регистрационное удостоверение,content-2
аверон регистрационное удостоверение гипсотделитель огп 2,content-3
автоблот 3000 регистрационное удостоверение,content-4
автоклав регистрационное удостоверение,content-5
автоклав euronda e5 регистрационное удостоверение,content-6
автоматический дефибриллятор регистрационное удостоверение,content-7
автоматический проектор знаков регистрационное удостоверение,content-8
агар агар регистрационное удостоверение,content-9
адмп 02 регистрационное удостоверение,content-10